_id,poolsId,salinity,acidity,oxygen,temperature,isArchived,createdAt,updatedAt,__v
663ce40ef2fa290dc515bb18,663992dcb0c4e66c68a4c7d1,0.0,4.234640598,5,25.25,False,2024-05-09 14:56:14.512,2024-05-09 14:56:14.512,0
663ce880918cacefe83770f9,663992dcb0c4e66c68a4c7d1,4.476045609,6.636017323,5,25.25,False,2024-05-09 15:15:12.956,2024-05-09 15:15:12.956,0
663ce8bc918cacefe8377129,663992dcb0c4e66c68a4c7d1,4.246424675,6.699570179,7,25.25,False,2024-05-09 15:16:12.206,2024-05-09 15:16:12.206,0
663ce8f7918cacefe837712d,663992dcb0c4e66c68a4c7d1,3.903064489,6.772201538,6,25.25,False,2024-05-09 15:17:11.996,2024-05-09 15:17:11.996,0
663ce934918cacefe837713d,663992dcb0c4e66c68a4c7d1,3.621938944,6.79489851,5,25.25,False,2024-05-09 15:18:12.075,2024-05-09 15:18:12.075,0
663cee0e918cacefe837717d,663992dcb0c4e66c68a4c7d1,2.838649035,6.772201538,5,24.9375,False,2024-05-09 15:38:54.352,2024-05-09 15:38:54.352,0
663cee4a918cacefe8377181,663992dcb0c4e66c68a4c7d1,2.776414633,6.785820007,7,24.625,False,2024-05-09 15:39:54.311,2024-05-09 15:39:54.311,0
663cee85918cacefe83771ab,663992dcb0c4e66c68a4c7d1,2.688429117,6.808516979,6,22.0625,False,2024-05-09 15:40:53.678,2024-05-09 15:40:53.678,0
663ceec1918cacefe83771af,663992dcb0c4e66c68a4c7d1,2.697010994,6.813056469,5,24.9375,False,2024-05-09 15:41:53.766,2024-05-09 15:41:53.766,0
663ceefd918cacefe83771b3,663992dcb0c4e66c68a4c7d1,2.772120953,6.822135448,4,25.3125,False,2024-05-09 15:42:53.694,2024-05-09 15:42:53.694,0
663cef39918cacefe83771b7,663992dcb0c4e66c68a4c7d1,2.757100105,6.835753918,4,21.6875,False,2024-05-09 15:43:53.782,2024-05-09 15:43:53.782,0
663cef75918cacefe83771c7,663992dcb0c4e66c68a4c7d1,2.842940092,6.849372387,4,24.8125,False,2024-05-09 15:44:53.714,2024-05-09 15:44:53.714,0
663cefb1918cacefe83771cb,663992dcb0c4e66c68a4c7d1,2.778559923,6.867530346,4,24.875,False,2024-05-09 15:45:53.688,2024-05-09 15:45:53.688,0
663cefed918cacefe83771db,663992dcb0c4e66c68a4c7d1,2.787144423,6.872069836,4,24.875,False,2024-05-09 15:46:53.706,2024-05-09 15:46:53.706,0
663cf029918cacefe83771df,663992dcb0c4e66c68a4c7d1,2.909465551,6.881148338,7,24.8125,False,2024-05-09 15:47:53.704,2024-05-09 15:47:53.704,0
663cf065918cacefe83771e3,663992dcb0c4e66c68a4c7d1,2.772120953,6.881148338,7,24.8125,False,2024-05-09 15:48:53.708,2024-05-09 15:48:53.708,0
663cf0a1918cacefe83771e7,663992dcb0c4e66c68a4c7d1,2.817188978,6.876609325,7,24.8125,False,2024-05-09 15:49:53.932,2024-05-09 15:49:53.932,0
663cf0dd918cacefe83771eb,663992dcb0c4e66c68a4c7d1,2.937364578,6.890227318,7,24.8125,False,2024-05-09 15:50:53.679,2024-05-09 15:50:53.679,0
663cf119918cacefe8377201,663992dcb0c4e66c68a4c7d1,3.029640913,6.922003746,5,24.8125,False,2024-05-09 15:51:53.642,2024-05-09 15:51:53.642,0
663cf155918cacefe8377205,663992dcb0c4e66c68a4c7d1,2.918050051,6.912924767,4,24.75,False,2024-05-09 15:52:53.672,2024-05-09 15:52:53.672,0
663cf191918cacefe8377209,663992dcb0c4e66c68a4c7d1,2.92663455,6.922003746,5,24.8125,False,2024-05-09 15:53:53.672,2024-05-09 15:53:53.672,0
663cf1cd918cacefe837720d,663992dcb0c4e66c68a4c7d1,2.913758993,6.931082726,6,24.8125,False,2024-05-09 15:54:53.709,2024-05-09 15:54:53.709,0
663cf209918cacefe8377211,663992dcb0c4e66c68a4c7d1,2.971699953,6.922003746,6,24.8125,False,2024-05-09 15:55:53.674,2024-05-09 15:55:53.674,0
663cf245918cacefe8377221,663992dcb0c4e66c68a4c7d1,2.967409134,6.926543236,5,24.75,False,2024-05-09 15:56:53.640,2024-05-09 15:56:53.641,0
663cf287fbffeaab36e35510,663992dcb0c4e66c68a4c7d1,2.958824635,6.926543236,4,24.75,False,2024-05-09 15:57:59.940,2024-05-09 15:57:59.940,0
663cf2bdfbffeaab36e35515,663992dcb0c4e66c68a4c7d1,2.952385426,6.931082726,5,24.75,False,2024-05-09 15:58:53.693,2024-05-09 15:58:53.693,0
663cf2f9fbffeaab36e35519,663992dcb0c4e66c68a4c7d1,2.840794563,6.926543236,7,21.375,False,2024-05-09 15:59:53.653,2024-05-09 15:59:53.653,0
663cf335fbffeaab36e3551d,663992dcb0c4e66c68a4c7d1,3.055394411,6.931082726,4,24.6875,False,2024-05-09 16:00:53.855,2024-05-09 16:00:53.855,0
663cf371fbffeaab36e35521,663992dcb0c4e66c68a4c7d1,3.048955441,6.940161705,4,21.5625,False,2024-05-09 16:01:53.774,2024-05-09 16:01:53.774,0
663cf3adfbffeaab36e35525,663992dcb0c4e66c68a4c7d1,2.978139162,6.944701195,4,24.75,False,2024-05-09 16:02:53.633,2024-05-09 16:02:53.634,0
663cf3e9fbffeaab36e35529,663992dcb0c4e66c68a4c7d1,3.190590858,6.940161705,7,24.75,False,2024-05-09 16:03:53.668,2024-05-09 16:03:53.668,0
663cf425fbffeaab36e3552d,663992dcb0c4e66c68a4c7d1,3.261409998,6.940161705,5,25.625,False,2024-05-09 16:04:53.701,2024-05-09 16:04:53.701,0
663cf461fbffeaab36e35531,663992dcb0c4e66c68a4c7d1,3.390170097,6.949240685,4,24.6875,False,2024-05-09 16:05:53.705,2024-05-09 16:05:53.705,0
663cf49dfbffeaab36e35541,663992dcb0c4e66c68a4c7d1,3.403045416,6.953780174,4,24.6875,False,2024-05-09 16:06:53.704,2024-05-09 16:06:53.704,0
663cf4d9fbffeaab36e35545,663992dcb0c4e66c68a4c7d1,3.557559013,6.949240685,5,24.375,False,2024-05-09 16:07:53.728,2024-05-09 16:07:53.728,0
663cf515fbffeaab36e35549,663992dcb0c4e66c68a4c7d1,3.780740976,6.949240685,7,24.6875,False,2024-05-09 16:08:53.657,2024-05-09 16:08:53.657,0
663cf551fbffeaab36e3554d,663992dcb0c4e66c68a4c7d1,3.671295404,6.944701195,7,21.875,False,2024-05-09 16:09:53.672,2024-05-09 16:09:53.672,0
663cf58dfbffeaab36e35551,663992dcb0c4e66c68a4c7d1,3.83010006,6.949240685,6,25.625,False,2024-05-09 16:10:53.724,2024-05-09 16:10:53.724,0
663cf5c9fbffeaab36e3555b,663992dcb0c4e66c68a4c7d1,4.027531147,6.953780174,4,25.625,False,2024-05-09 16:11:53.691,2024-05-09 16:11:53.691,0
663cf605fbffeaab36e3555f,663992dcb0c4e66c68a4c7d1,4.076889992,6.949240685,7,24.6875,False,2024-05-09 16:12:53.652,2024-05-09 16:12:53.652,0
663cf648d16426387044c7f7,663992dcb0c4e66c68a4c7d1,4.242130756,6.953780174,4,24.6875,False,2024-05-09 16:14:00.981,2024-05-09 16:14:00.981,0
663cf67dd16426387044c7fc,663992dcb0c4e66c68a4c7d1,4.347285271,6.962859154,4,24.6875,False,2024-05-09 16:14:53.651,2024-05-09 16:14:53.651,0
663cf6b9d16426387044c800,663992dcb0c4e66c68a4c7d1,4.497505665,6.953780174,6,24.6875,False,2024-05-09 16:15:53.714,2024-05-09 16:15:53.714,0
663cf6f5d16426387044c804,663992dcb0c4e66c68a4c7d1,4.48033905,6.962859154,6,24.6875,False,2024-05-09 16:16:53.640,2024-05-09 16:16:53.640,0
663cf731d16426387044c808,663992dcb0c4e66c68a4c7d1,4.879494667,6.958319664,4,24.1875,False,2024-05-09 16:17:53.686,2024-05-09 16:17:53.686,0
663cf76dd16426387044c80c,663992dcb0c4e66c68a4c7d1,4.99323082,6.958319664,7,24.75,False,2024-05-09 16:18:53.613,2024-05-09 16:18:53.613,0
663cf7a9d16426387044c810,663992dcb0c4e66c68a4c7d1,4.430980206,6.958319664,5,21.375,False,2024-05-09 16:19:53.588,2024-05-09 16:19:53.589,0
663cf7e5d16426387044c814,663992dcb0c4e66c68a4c7d1,4.306510925,6.953780174,6,24.75,False,2024-05-09 16:20:53.604,2024-05-09 16:20:53.604,0
663cf821d16426387044c818,663992dcb0c4e66c68a4c7d1,4.059720993,6.953780174,4,24.75,False,2024-05-09 16:21:53.892,2024-05-09 16:21:53.892,0
663cf85dd16426387044c81c,663992dcb0c4e66c68a4c7d1,3.860144615,6.953780174,4,24.75,False,2024-05-09 16:22:53.595,2024-05-09 16:22:53.595,0
663cf899d16426387044c820,663992dcb0c4e66c68a4c7d1,3.888041019,6.967398167,7,24.6875,False,2024-05-09 16:23:53.600,2024-05-09 16:23:53.600,0
663cf8d5d16426387044c824,663992dcb0c4e66c68a4c7d1,3.851560116,6.958319664,5,24.6875,False,2024-05-09 16:24:53.624,2024-05-09 16:24:53.624,0
663cf911d16426387044c828,663992dcb0c4e66c68a4c7d1,4.066160202,6.976477146,5,24.6875,False,2024-05-09 16:25:53.609,2024-05-09 16:25:53.609,0
663cf94dd16426387044c82c,663992dcb0c4e66c68a4c7d1,4.310804367,6.962859154,7,24.625,False,2024-05-09 16:26:53.601,2024-05-09 16:26:53.601,0
663cf989d16426387044c830,663992dcb0c4e66c68a4c7d1,4.41166544,6.953780174,7,24.6875,False,2024-05-09 16:27:53.617,2024-05-09 16:27:53.617,0
663cf9c5d16426387044c834,663992dcb0c4e66c68a4c7d1,4.630558968,6.962859154,6,24.6875,False,2024-05-09 16:28:53.588,2024-05-09 16:28:53.588,0
663cfa01d16426387044c838,663992dcb0c4e66c68a4c7d1,4.630558968,6.967398167,4,24.625,False,2024-05-09 16:29:53.590,2024-05-09 16:29:53.590,0
663cfa3cd16426387044c83c,663992dcb0c4e66c68a4c7d1,4.630558968,6.976477146,6,24.625,False,2024-05-09 16:30:52.862,2024-05-09 16:30:52.862,0
663cfa78d16426387044c840,663992dcb0c4e66c68a4c7d1,4.78721571,6.967398167,5,24.625,False,2024-05-09 16:31:52.886,2024-05-09 16:31:52.886,0
663cfab4d16426387044c844,663992dcb0c4e66c68a4c7d1,5.05975914,6.967398167,5,24.6875,False,2024-05-09 16:32:52.935,2024-05-09 16:32:52.935,0
663cfaf0d16426387044c848,663992dcb0c4e66c68a4c7d1,5.25289917,6.976477146,6,21.75,False,2024-05-09 16:33:52.913,2024-05-09 16:33:52.913,0
663cfb2cd16426387044c84c,663992dcb0c4e66c68a4c7d1,5.632740021,6.971937656,7,24.625,False,2024-05-09 16:34:52.902,2024-05-09 16:34:52.902,0
663cfb68d16426387044c850,663992dcb0c4e66c68a4c7d1,5.763645649,6.981016636,6,24.625,False,2024-05-09 16:35:52.921,2024-05-09 16:35:52.921,0
663cfba5d16426387044c854,663992dcb0c4e66c68a4c7d1,6.014729023,6.985556126,7,24.625,False,2024-05-09 16:36:53.563,2024-05-09 16:36:53.563,0
663cfbe1d16426387044c858,663992dcb0c4e66c68a4c7d1,6.192845345,6.981016636,6,24.625,False,2024-05-09 16:37:53.568,2024-05-09 16:37:53.568,0
663cfc1dd16426387044c85c,663992dcb0c4e66c68a4c7d1,6.291561127,6.967398167,4,21.4375,False,2024-05-09 16:38:53.585,2024-05-09 16:38:53.585,0
663cfc59d16426387044c860,663992dcb0c4e66c68a4c7d1,6.488994598,6.981016636,4,24.625,False,2024-05-09 16:39:53.609,2024-05-09 16:39:53.610,0
663cfc95d16426387044c864,663992dcb0c4e66c68a4c7d1,6.446074486,6.981016636,5,24.625,False,2024-05-09 16:40:53.597,2024-05-09 16:40:53.597,0
663cfcd1d16426387044c868,663992dcb0c4e66c68a4c7d1,6.789434433,6.976477146,4,21.3125,False,2024-05-09 16:41:53.624,2024-05-09 16:41:53.624,0
663cfd1270047203a472de6b,663992dcb0c4e66c68a4c7d1,6.928924561,6.981016636,4,24.5625,False,2024-05-09 16:42:58.550,2024-05-09 16:42:58.550,0
663cfd4970047203a472de70,663992dcb0c4e66c68a4c7d1,7.061975479,6.981016636,4,24.625,False,2024-05-09 16:43:53.620,2024-05-09 16:43:53.620,0
663cfd8570047203a472de74,663992dcb0c4e66c68a4c7d1,7.218634605,6.971937656,4,24.625,False,2024-05-09 16:44:53.581,2024-05-09 16:44:53.581,0
663cfdc170047203a472de78,663992dcb0c4e66c68a4c7d1,7.235800743,6.976477146,5,24.625,False,2024-05-09 16:45:53.588,2024-05-09 16:45:53.588,0
663cfdfd70047203a472de7c,663992dcb0c4e66c68a4c7d1,7.332370758,6.976477146,6,24.625,False,2024-05-09 16:46:53.589,2024-05-09 16:46:53.589,0
663cfe3970047203a472de80,663992dcb0c4e66c68a4c7d1,7.222925663,6.981016636,5,24.625,False,2024-05-09 16:47:53.593,2024-05-09 16:47:53.593,0
663cfe7570047203a472de84,663992dcb0c4e66c68a4c7d1,6.729345322,6.985556126,7,24.625,False,2024-05-09 16:48:53.629,2024-05-09 16:48:53.629,0
663cfeb170047203a472de88,663992dcb0c4e66c68a4c7d1,6.66496563,6.981016636,5,24.625,False,2024-05-09 16:49:53.542,2024-05-09 16:49:53.542,0
663cfeed70047203a472de8c,663992dcb0c4e66c68a4c7d1,6.617754459,6.985556126,7,24.625,False,2024-05-09 16:50:53.600,2024-05-09 16:50:53.600,0
663cff2edfae8f7b67d9d26c,663992dcb0c4e66c68a4c7d1,6.583418846,6.976477146,5,24.625,False,2024-05-09 16:51:58.355,2024-05-09 16:51:58.355,0
663cff65dfae8f7b67d9d271,663992dcb0c4e66c68a4c7d1,6.761535645,6.990095615,7,24.5625,False,2024-05-09 16:52:53.635,2024-05-09 16:52:53.635,0
663cffa1dfae8f7b67d9d275,663992dcb0c4e66c68a4c7d1,6.855959892,6.985556126,7,24.625,False,2024-05-09 16:53:53.549,2024-05-09 16:53:53.549,0
663cffdedfae8f7b67d9d279,663992dcb0c4e66c68a4c7d1,7.233655453,6.985556126,5,24.625,False,2024-05-09 16:54:54.069,2024-05-09 16:54:54.069,0
663d0019dfae8f7b67d9d27d,663992dcb0c4e66c68a4c7d1,7.396750927,6.990095615,4,24.625,False,2024-05-09 16:55:53.587,2024-05-09 16:55:53.587,0
663d0055dfae8f7b67d9d281,663992dcb0c4e66c68a4c7d1,7.512635708,6.985556126,4,24.5625,False,2024-05-09 16:56:53.610,2024-05-09 16:56:53.610,0
663d0091dfae8f7b67d9d285,663992dcb0c4e66c68a4c7d1,7.602768898,6.985556126,5,24.625,False,2024-05-09 16:57:53.584,2024-05-09 16:57:53.584,0
663d00cddfae8f7b67d9d289,663992dcb0c4e66c68a4c7d1,7.768010139,6.990095615,4,24.5625,False,2024-05-09 16:58:53.598,2024-05-09 16:58:53.598,0
663d0109dfae8f7b67d9d28d,663992dcb0c4e66c68a4c7d1,7.853849888,6.994635105,4,24.5625,False,2024-05-09 16:59:53.519,2024-05-09 16:59:53.519,0
663d04bbced27f6c02c2aa9c,663992dcb0c4e66c68a4c7d1,8.817404747,7.017332554,5,24.5,False,2024-05-09 17:15:39.067,2024-05-09 17:15:39.067,0
663d04f6ced27f6c02c2aac0,663992dcb0c4e66c68a4c7d1,6.484701157,7.021872044,7,24.5,False,2024-05-09 17:16:38.911,2024-05-09 17:16:38.911,0
663d0532ced27f6c02c2aad3,663992dcb0c4e66c68a4c7d1,6.102714539,7.017332554,6,24.9375,False,2024-05-09 17:17:38.967,2024-05-09 17:17:38.967,0
663d056fced27f6c02c2aae0,663992dcb0c4e66c68a4c7d1,6.201429844,7.003714085,5,24.4375,False,2024-05-09 17:18:39.032,2024-05-09 17:18:39.032,0
663d05aaced27f6c02c2aae4,663992dcb0c4e66c68a4c7d1,6.581271172,7.008253574,4,24.4375,False,2024-05-09 17:19:38.915,2024-05-09 17:19:38.915,0
663d05e6ced27f6c02c2aae8,663992dcb0c4e66c68a4c7d1,6.890295506,7.008253574,4,24.4375,False,2024-05-09 17:20:38.926,2024-05-09 17:20:38.926,0
663d0623ced27f6c02c2aaf8,663992dcb0c4e66c68a4c7d1,7.295889854,7.003714085,4,24.5,False,2024-05-09 17:21:39.579,2024-05-09 17:21:39.579,0
663d065eced27f6c02c2aafc,663992dcb0c4e66c68a4c7d1,7.559849262,7.012793064,4,25.375,False,2024-05-09 17:22:38.902,2024-05-09 17:22:38.902,0
663d069aced27f6c02c2ab00,663992dcb0c4e66c68a4c7d1,7.815220833,7.008253574,4,24.5,False,2024-05-09 17:23:38.956,2024-05-09 17:23:38.956,0
663d06d6ced27f6c02c2ab04,663992dcb0c4e66c68a4c7d1,7.875309944,7.008253574,7,24.5,False,2024-05-09 17:24:38.926,2024-05-09 17:24:38.926,0
663d0712ced27f6c02c2ab08,663992dcb0c4e66c68a4c7d1,7.922521114,7.003714085,7,24.5,False,2024-05-09 17:25:38.895,2024-05-09 17:25:38.895,0
663d074eced27f6c02c2ab0c,663992dcb0c4e66c68a4c7d1,8.001924515,7.012793064,7,24.5,False,2024-05-09 17:26:38.859,2024-05-09 17:26:38.860,0
663d078bced27f6c02c2ab10,663992dcb0c4e66c68a4c7d1,8.03196907,7.012793064,7,24.5,False,2024-05-09 17:27:39.872,2024-05-09 17:27:39.872,0
663d07c6ced27f6c02c2ab14,663992dcb0c4e66c68a4c7d1,7.948274612,7.008253574,5,24.5,False,2024-05-09 17:28:38.899,2024-05-09 17:28:38.899,0
663d0802ced27f6c02c2ab18,663992dcb0c4e66c68a4c7d1,8.023384094,7.012793064,4,24.5,False,2024-05-09 17:29:38.857,2024-05-09 17:29:38.857,0
663d083eced27f6c02c2ab1c,663992dcb0c4e66c68a4c7d1,8.096348763,7.003714085,5,24.5,False,2024-05-09 17:30:38.989,2024-05-09 17:30:38.989,0
663d087aced27f6c02c2ab20,663992dcb0c4e66c68a4c7d1,8.07703495,7.012793064,6,24.5,False,2024-05-09 17:31:38.901,2024-05-09 17:31:38.901,0
663d08b6ced27f6c02c2ab24,663992dcb0c4e66c68a4c7d1,8.130684853,7.012793064,6,25.4375,False,2024-05-09 17:32:38.887,2024-05-09 17:32:38.887,0
663d08f2ced27f6c02c2ab28,663992dcb0c4e66c68a4c7d1,8.175749779,7.012793064,5,24.5,False,2024-05-09 17:33:38.887,2024-05-09 17:33:38.887,0
663d092eced27f6c02c2ab2c,663992dcb0c4e66c68a4c7d1,8.24656868,7.012793064,4,24.5,False,2024-05-09 17:34:38.878,2024-05-09 17:34:38.878,0
663d096aced27f6c02c2ab30,663992dcb0c4e66c68a4c7d1,8.310949326,7.008253574,5,24.5,False,2024-05-09 17:35:38.898,2024-05-09 17:35:38.898,0
663d09a6ced27f6c02c2ab34,663992dcb0c4e66c68a4c7d1,8.276611328,6.999174595,7,24.5625,False,2024-05-09 17:36:38.900,2024-05-09 17:36:38.900,0
663d09e2ced27f6c02c2ab38,663992dcb0c4e66c68a4c7d1,8.338845253,7.017332554,4,24.5,False,2024-05-09 17:37:38.861,2024-05-09 17:37:38.861,0
663d0a1eced27f6c02c2ab42,663992dcb0c4e66c68a4c7d1,8.353869438,7.012793064,4,24.5,False,2024-05-09 17:38:38.885,2024-05-09 17:38:38.885,0
663d0a5aced27f6c02c2ab46,663992dcb0c4e66c68a4c7d1,8.630701065,7.026411533,4,24.5,False,2024-05-09 17:39:38.885,2024-05-09 17:39:38.885,0
663d0a96ced27f6c02c2ab65,663992dcb0c4e66c68a4c7d1,8.467605591,7.026411533,7,24.5625,False,2024-05-09 17:40:38.854,2024-05-09 17:40:38.854,0
663d0ad2ced27f6c02c2ab69,663992dcb0c4e66c68a4c7d1,8.497650146,7.021872044,5,24.5,False,2024-05-09 17:41:38.868,2024-05-09 17:41:38.868,0
663d0b0eced27f6c02c2ab6d,663992dcb0c4e66c68a4c7d1,8.53413105,7.021872044,4,24.5,False,2024-05-09 17:42:38.847,2024-05-09 17:42:38.847,0
663d0b4aced27f6c02c2ab71,663992dcb0c4e66c68a4c7d1,8.589928627,7.021872044,4,25.25,False,2024-05-09 17:43:38.785,2024-05-09 17:43:38.785,0
663d0b86ced27f6c02c2ab75,663992dcb0c4e66c68a4c7d1,8.514819145,7.035490513,5,24.5,False,2024-05-09 17:44:38.872,2024-05-09 17:44:38.872,0
66485591b87a70866ef95130,663992dcb0c4e66c68a4c7d1,0.0,5.923321724,5,33.875,False,2024-05-18 07:15:29.959,2024-05-18 07:15:29.959,0
664855c6b87a70866ef95135,663992dcb0c4e66c68a4c7d1,0.0,5.846150875,7,33.5,False,2024-05-18 07:16:22.674,2024-05-18 07:16:22.674,0
664856bcb87a70866ef95139,663992dcb0c4e66c68a4c7d1,3.643399,7.453121185,5,25.25,False,2024-05-18 07:20:28.431,2024-05-18 07:20:28.431,0
664856e5b87a70866ef9513d,663992dcb0c4e66c68a4c7d1,4.096204758,2.320345879,7,34.3125,False,2024-05-18 07:21:09.928,2024-05-18 07:21:09.928,0
66485722b87a70866ef95141,663992dcb0c4e66c68a4c7d1,4.145560741,7.539371014,6,34.0,False,2024-05-18 07:22:10.476,2024-05-18 07:22:10.476,0
664857f1b87a70866ef95145,663992dcb0c4e66c68a4c7d1,3.342959166,7.684633732,5,25.25,False,2024-05-18 07:25:37.426,2024-05-18 07:25:37.426,0
6648582eb87a70866ef95169,663992dcb0c4e66c68a4c7d1,5.461060047,2.29764843,4,34.5,False,2024-05-18 07:26:38.537,2024-05-18 07:26:38.537,0
66485869b87a70866ef9516d,663992dcb0c4e66c68a4c7d1,4.963189125,7.557528973,4,25.25,False,2024-05-18 07:27:37.676,2024-05-18 07:27:37.676,0
664858a6b87a70866ef95171,663992dcb0c4e66c68a4c7d1,5.091948986,2.29764843,4,34.5625,False,2024-05-18 07:28:38.287,2024-05-18 07:28:38.287,0
664858e4b87a70866ef95175,663992dcb0c4e66c68a4c7d1,4.973918915,7.534831524,4,34.5,False,2024-05-18 07:29:40.727,2024-05-18 07:29:40.727,0
66485939b87a70866ef95179,663992dcb0c4e66c68a4c7d1,5.031859875,7.539371014,4,25.25,False,2024-05-18 07:31:05.667,2024-05-18 07:31:05.667,0
66485a409da912f2c0316bfa,663992dcb0c4e66c68a4c7d1,5.143450737,7.534831524,7,34.625,False,2024-05-18 07:35:28.846,2024-05-18 07:35:28.846,0
66485a7a9da912f2c0316c17,663992dcb0c4e66c68a4c7d1,5.229290962,7.530292034,7,34.5,False,2024-05-18 07:36:26.157,2024-05-18 07:36:26.157,0
66485ab59da912f2c0316c1b,663992dcb0c4e66c68a4c7d1,5.450329781,7.530292034,7,25.25,False,2024-05-18 07:37:25.842,2024-05-18 07:37:25.842,0
66485af19da912f2c0316c1f,663992dcb0c4e66c68a4c7d1,6.510454655,2.30218792,5,34.5625,False,2024-05-18 07:38:25.990,2024-05-18 07:38:25.990,0
66485b2e9da912f2c0316c23,663992dcb0c4e66c68a4c7d1,7.259408951,7.394107819,4,34.625,False,2024-05-18 07:39:26.096,2024-05-18 07:39:26.096,0
66485b699da912f2c0316c27,663992dcb0c4e66c68a4c7d1,7.939690113,7.335094929,5,34.5625,False,2024-05-18 07:40:25.806,2024-05-18 07:40:25.806,0
66485ba59da912f2c0316c2b,663992dcb0c4e66c68a4c7d1,7.950419903,7.230687141,6,34.5625,False,2024-05-18 07:41:25.813,2024-05-18 07:41:25.813,0
66485be29da912f2c0316c36,663992dcb0c4e66c68a4c7d1,7.353830814,7.2488451,6,34.5,False,2024-05-18 07:42:26.168,2024-05-18 07:42:26.168,0
66485c1d9da912f2c0316c41,663992dcb0c4e66c68a4c7d1,9.362488747,7.30785799,5,34.5,False,2024-05-18 07:43:25.998,2024-05-18 07:43:25.998,0
66485c599da912f2c0316c57,663992dcb0c4e66c68a4c7d1,10.99773979,7.162595272,4,34.5,False,2024-05-18 07:44:25.818,2024-05-18 07:44:25.818,0
66485c959da912f2c0316c60,663992dcb0c4e66c68a4c7d1,17.12671471,7.176213741,5,25.25,False,2024-05-18 07:45:25.859,2024-05-18 07:45:25.859,0
66485cd59da912f2c0316c89,663992dcb0c4e66c68a4c7d1,20.30064964,2.29764843,7,25.25,False,2024-05-18 07:46:29.100,2024-05-18 07:46:29.100,0
66485d0d9da912f2c0316ca4,663992dcb0c4e66c68a4c7d1,21.56464386,7.13535881,4,25.25,False,2024-05-18 07:47:25.965,2024-05-18 07:47:25.965,0
66485d4d9da912f2c0316ca8,663992dcb0c4e66c68a4c7d1,21.21699142,7.108121872,4,25.25,False,2024-05-18 07:48:29.101,2024-05-18 07:48:29.101,0
66485d869da912f2c0316cac,663992dcb0c4e66c68a4c7d1,20.94659615,7.121740341,4,25.25,False,2024-05-18 07:49:26.080,2024-05-18 07:49:26.080,0
66485dc69da912f2c0316cb0,663992dcb0c4e66c68a4c7d1,20.61825943,7.13535881,7,25.25,False,2024-05-18 07:50:30.709,2024-05-18 07:50:30.709,0
66485e079da912f2c0316cb4,663992dcb0c4e66c68a4c7d1,20.50666618,7.085424423,5,25.25,False,2024-05-18 07:51:35.074,2024-05-18 07:51:35.074,0
66485e399da912f2c0316cb8,663992dcb0c4e66c68a4c7d1,20.3306942,7.148976803,4,25.25,False,2024-05-18 07:52:25.935,2024-05-18 07:52:25.935,0
66485e759da912f2c0316cbd,663992dcb0c4e66c68a4c7d1,20.27275085,7.144437313,4,25.25,False,2024-05-18 07:53:25.852,2024-05-18 07:53:25.852,0
66485eb19da912f2c0316cc1,663992dcb0c4e66c68a4c7d1,19.86071968,7.144437313,5,25.25,False,2024-05-18 07:54:25.882,2024-05-18 07:54:25.883,0
66485ecd9da912f2c0316cc5,66485c5b9da912f2c0316c5c,8.581344604,0.854098797,5,34.25,False,2024-05-18 07:54:53.686,2024-05-18 07:54:53.686,0
66485eed9da912f2c0316cf0,663992dcb0c4e66c68a4c7d1,19.50448418,7.153516293,7,25.25,False,2024-05-18 07:55:25.899,2024-05-18 07:55:25.899,0
66485f0d9da912f2c0316cf4,66485c5b9da912f2c0316c5c,6.624190807,8.519895554,7,34.25,False,2024-05-18 07:55:57.806,2024-05-18 07:55:57.806,0
66485f299da912f2c0316d11,663992dcb0c4e66c68a4c7d1,19.20833588,7.158055782,7,25.25,False,2024-05-18 07:56:25.676,2024-05-18 07:56:25.676,0
66485f459da912f2c0316d15,66485c5b9da912f2c0316c5c,6.428905487,8.574368477,6,34.25,False,2024-05-18 07:56:53.165,2024-05-18 07:56:53.166,0
66485f689da912f2c0316d19,663992dcb0c4e66c68a4c7d1,5.162765503,7.162595272,6,25.25,False,2024-05-18 07:57:28.405,2024-05-18 07:57:28.405,0
66485f829da912f2c0316d1d,66485c5b9da912f2c0316c5c,6.282979012,8.597065926,5,34.25,False,2024-05-18 07:57:54.791,2024-05-18 07:57:54.791,0
66485fa19da912f2c0316d21,663992dcb0c4e66c68a4c7d1,0.0,2.30218792,4,31.6875,False,2024-05-18 07:58:25.911,2024-05-18 07:58:25.911,0
66485fbe9da912f2c0316d2b,66485c5b9da912f2c0316c5c,6.201429844,8.633381844,4,34.25,False,2024-05-18 07:58:54.766,2024-05-18 07:58:54.766,0
66485fdd9da912f2c0316d35,663992dcb0c4e66c68a4c7d1,42.38084412,7.484897137,7,25.25,False,2024-05-18 07:59:25.938,2024-05-18 07:59:25.938,0
66485ff99da912f2c0316d3f,66485c5b9da912f2c0316c5c,6.158510208,8.656079292,4,34.25,False,2024-05-18 07:59:53.162,2024-05-18 07:59:53.162,0
6648601c9da912f2c0316d5d,663992dcb0c4e66c68a4c7d1,10.14792442,7.493976116,4,33.75,False,2024-05-18 08:00:28.817,2024-05-18 08:00:28.817,0
664860359da912f2c0316d61,66485c5b9da912f2c0316c5c,6.104859829,8.687855721,4,34.3125,False,2024-05-18 08:00:53.397,2024-05-18 08:00:53.397,0
664860569da912f2c0316d65,663992dcb0c4e66c68a4c7d1,7.240094662,7.453121185,4,34.1875,False,2024-05-18 08:01:26.501,2024-05-18 08:01:26.503,0
664860739da912f2c0316d77,66485c5b9da912f2c0316c5c,6.122028828,8.710553169,4,34.25,False,2024-05-18 08:01:55.213,2024-05-18 08:01:55.213,0
664860919da912f2c0316d7f,663992dcb0c4e66c68a4c7d1,7.96544075,7.444042206,6,34.375,False,2024-05-18 08:02:25.979,2024-05-18 08:02:25.979,0
664860ad9da912f2c0316d83,66485c5b9da912f2c0316c5c,6.113444328,8.728710175,4,34.25,False,2024-05-18 08:02:53.147,2024-05-18 08:02:53.147,0
664860ce9da912f2c0316dc0,663992dcb0c4e66c68a4c7d1,7.274429798,7.421344757,6,34.5625,False,2024-05-18 08:03:26.397,2024-05-18 08:03:26.397,0
664860e99da912f2c0316ddc,66485c5b9da912f2c0316c5c,6.115590096,8.751407623,7,34.25,False,2024-05-18 08:03:53.505,2024-05-18 08:03:53.505,0
6648610e9da912f2c0316de8,663992dcb0c4e66c68a4c7d1,7.557701111,7.425884247,4,34.5625,False,2024-05-18 08:04:30.942,2024-05-18 08:04:30.942,0
664861259da912f2c0316dec,66485c5b9da912f2c0316c5c,6.107005596,8.769565582,7,34.25,False,2024-05-18 08:04:53.323,2024-05-18 08:04:53.323,0
664861489da912f2c0316e10,663992dcb0c4e66c68a4c7d1,7.504050732,7.412265778,7,34.5625,False,2024-05-18 08:05:28.065,2024-05-18 08:05:28.065,0
664861629da912f2c0316e14,66485c5b9da912f2c0316c5c,5.993268967,8.774105072,7,34.25,False,2024-05-18 08:05:54.788,2024-05-18 08:05:54.788,0
664861899da912f2c0316e18,663992dcb0c4e66c68a4c7d1,8.220815659,7.425884247,5,34.5625,False,2024-05-18 08:06:33.352,2024-05-18 08:06:33.352,0
664861a19da912f2c0316e1c,66485c5b9da912f2c0316c5c,5.958930969,8.774105072,7,34.1875,False,2024-05-18 08:06:57.796,2024-05-18 08:06:57.796,0
664861bd9da912f2c0316e20,663992dcb0c4e66c68a4c7d1,7.984755516,7.430423737,6,34.625,False,2024-05-18 08:07:25.739,2024-05-18 08:07:25.739,0
664861d99da912f2c0316e24,66485c5b9da912f2c0316c5c,5.873090744,8.765026093,5,34.1875,False,2024-05-18 08:07:53.402,2024-05-18 08:07:53.402,0
664861f99da912f2c0316e28,663992dcb0c4e66c68a4c7d1,8.126391411,7.444042206,4,34.625,False,2024-05-18 08:08:25.937,2024-05-18 08:08:25.937,0
664862159da912f2c0316e2c,66485c5b9da912f2c0316c5c,5.849485397,8.765026093,4,34.1875,False,2024-05-18 08:08:53.592,2024-05-18 08:08:53.592,0
664862369da912f2c0316e30,663992dcb0c4e66c68a4c7d1,8.15858078,7.439502716,4,34.5625,False,2024-05-18 08:09:26.073,2024-05-18 08:09:26.073,0
664862519da912f2c0316e34,66485c5b9da912f2c0316c5c,6.145634651,8.774105072,5,34.1875,False,2024-05-18 08:09:53.869,2024-05-18 08:09:53.869,0
664862739da912f2c0316e38,663992dcb0c4e66c68a4c7d1,7.396750927,7.434963226,7,25.25,False,2024-05-18 08:10:27.665,2024-05-18 08:10:27.665,0
6648628f9da912f2c0316e3c,66485c5b9da912f2c0316c5c,6.287270069,8.783184052,6,34.125,False,2024-05-18 08:10:55.188,2024-05-18 08:10:55.188,0
664862b09da912f2c0316e40,663992dcb0c4e66c68a4c7d1,8.617825508,2.30218792,5,34.5625,False,2024-05-18 08:11:28.212,2024-05-18 08:11:28.212,0
664862c99da912f2c0316e44,66485c5b9da912f2c0316c5c,6.325899124,8.787723541,6,34.125,False,2024-05-18 08:11:53.765,2024-05-18 08:11:53.765,0
664862ea9da912f2c0316e48,663992dcb0c4e66c68a4c7d1,7.765864372,7.412265778,5,34.5625,False,2024-05-18 08:12:26.230,2024-05-18 08:12:26.230,0
66486336ea473cd0faa1c465,663992dcb0c4e66c68a4c7d1,8.677914619,7.444042206,7,34.5625,False,2024-05-18 08:13:42.172,2024-05-18 08:13:42.172,0
66486361ea473cd0faa1c46a,663992dcb0c4e66c68a4c7d1,8.729418755,7.439502716,7,34.5,False,2024-05-18 08:14:25.662,2024-05-18 08:14:25.662,0
66486397ea473cd0faa1c46e,66485c5b9da912f2c0316c5c,6.493285656,8.787723541,4,34.0625,False,2024-05-18 08:15:19.936,2024-05-18 08:15:19.936,0
664863a7ea473cd0faa1c472,663992dcb0c4e66c68a4c7d1,8.48906517,7.439502716,6,34.4375,False,2024-05-18 08:15:35.120,2024-05-18 08:15:35.120,0
664863daea473cd0faa1c476,663992dcb0c4e66c68a4c7d1,8.510525703,7.439502716,4,25.25,False,2024-05-18 08:16:26.728,2024-05-18 08:16:26.728,0
66486415ea473cd0faa1c47a,663992dcb0c4e66c68a4c7d1,9.555628777,2.30218792,6,34.5,False,2024-05-18 08:17:25.652,2024-05-18 08:17:25.652,0
6648644fea473cd0faa1c47e,66485c5b9da912f2c0316c5c,6.969698906,0.817783058,4,34.0,False,2024-05-18 08:18:23.998,2024-05-18 08:18:23.998,0
66486452ea473cd0faa1c482,663992dcb0c4e66c68a4c7d1,7.851704597,8.542593002,5,34.4375,False,2024-05-18 08:18:26.244,2024-05-18 08:18:26.244,0
6648648eea473cd0faa1c486,663992dcb0c4e66c68a4c7d1,8.253005028,8.683316231,5,25.25,False,2024-05-18 08:19:26.214,2024-05-18 08:19:26.214,0
664864ccea473cd0faa1c48a,663992dcb0c4e66c68a4c7d1,9.278794289,2.306727409,6,34.375,False,2024-05-18 08:20:28.555,2024-05-18 08:20:28.555,0
664864e2ea473cd0faa1c48e,66485c5b9da912f2c0316c5c,6.431050777,8.792263031,4,34.0,False,2024-05-18 08:20:50.008,2024-05-18 08:20:50.008,0
66486504ea473cd0faa1c492,66485c5b9da912f2c0316c5c,6.776558876,8.787723541,4,33.875,False,2024-05-18 08:21:24.002,2024-05-18 08:21:24.002,0
66486508ea473cd0faa1c496,663992dcb0c4e66c68a4c7d1,7.982610226,8.765026093,7,34.375,False,2024-05-18 08:21:28.741,2024-05-18 08:21:28.741,0
6648653cea473cd0faa1c49a,66485c5b9da912f2c0316c5c,6.710031033,8.796802521,7,33.875,False,2024-05-18 08:22:20.126,2024-05-18 08:22:20.126,0
6648654aea473cd0faa1c49e,663992dcb0c4e66c68a4c7d1,8.019090652,8.751407623,6,34.3125,False,2024-05-18 08:22:34.195,2024-05-18 08:22:34.195,0
66486590ea473cd0faa1c4a2,663992dcb0c4e66c68a4c7d1,7.688609123,8.769565582,7,25.25,False,2024-05-18 08:23:44.330,2024-05-18 08:23:44.330,0
66486599ea473cd0faa1c4a6,66485c5b9da912f2c0316c5c,6.673550129,8.792263031,5,33.875,False,2024-05-18 08:23:53.250,2024-05-18 08:23:53.250,0
664865c6ea473cd0faa1c4aa,66485c5b9da912f2c0316c5c,6.73363924,8.792263031,4,33.875,False,2024-05-18 08:24:38.193,2024-05-18 08:24:38.193,0
664865c6ea473cd0faa1c4ae,663992dcb0c4e66c68a4c7d1,9.300254822,2.29764843,6,34.3125,False,2024-05-18 08:24:38.901,2024-05-18 08:24:38.901,0
664865f8ea473cd0faa1c4b2,663992dcb0c4e66c68a4c7d1,7.892478943,8.81042099,4,34.3125,False,2024-05-18 08:25:28.522,2024-05-18 08:25:28.522,0
664865fbea473cd0faa1c4b6,66485c5b9da912f2c0316c5c,6.703594685,8.787723541,4,33.8125,False,2024-05-18 08:25:31.390,2024-05-18 08:25:31.390,0
66486635ea473cd0faa1c4ba,663992dcb0c4e66c68a4c7d1,8.35172081,8.796802521,4,34.3125,False,2024-05-18 08:26:29.176,2024-05-18 08:26:29.176,0
66486637ea473cd0faa1c4be,66485c5b9da912f2c0316c5c,6.716469765,8.783184052,5,33.8125,False,2024-05-18 08:26:31.724,2024-05-18 08:26:31.724,0
6648666eea473cd0faa1c4c2,663992dcb0c4e66c68a4c7d1,7.918230057,8.787723541,5,34.25,False,2024-05-18 08:27:26.500,2024-05-18 08:27:26.500,0
66486673ea473cd0faa1c4c6,66485c5b9da912f2c0316c5c,6.699300766,8.787723541,7,33.75,False,2024-05-18 08:27:31.079,2024-05-18 08:27:31.079,0
664866aaea473cd0faa1c4ca,663992dcb0c4e66c68a4c7d1,8.066304207,8.765026093,4,34.1875,False,2024-05-18 08:28:26.233,2024-05-18 08:28:26.233,0
664866baea473cd0faa1c4ce,66485c5b9da912f2c0316c5c,6.725054741,8.778644562,7,33.75,False,2024-05-18 08:28:42.305,2024-05-18 08:28:42.305,0
664866e6ea473cd0faa1c4d2,663992dcb0c4e66c68a4c7d1,7.984755516,8.778644562,4,34.25,False,2024-05-18 08:29:26.002,2024-05-18 08:29:26.003,0
664866f5ea473cd0faa1c4d6,66485c5b9da912f2c0316c5c,6.677841187,8.778644562,6,33.75,False,2024-05-18 08:29:41.436,2024-05-18 08:29:41.436,0
66486722ea473cd0faa1c4da,663992dcb0c4e66c68a4c7d1,8.452584267,8.787723541,4,34.1875,False,2024-05-18 08:30:26.893,2024-05-18 08:30:26.893,0
6648672cea473cd0faa1c4de,66485c5b9da912f2c0316c5c,6.619900227,8.774105072,4,33.75,False,2024-05-18 08:30:36.091,2024-05-18 08:30:36.091,0
6648675dea473cd0faa1c4e2,663992dcb0c4e66c68a4c7d1,8.325969696,8.792263031,4,34.1875,False,2024-05-18 08:31:25.942,2024-05-18 08:31:25.942,0
66486769ea473cd0faa1c4e6,66485c5b9da912f2c0316c5c,6.587709904,8.783184052,7,33.75,False,2024-05-18 08:31:37.330,2024-05-18 08:31:37.330,0
664867a1ea473cd0faa1c515,66485c5b9da912f2c0316c5c,6.495430946,8.774105072,4,33.6875,False,2024-05-18 08:32:33.938,2024-05-18 08:32:33.938,0
664867a7ea473cd0faa1c519,663992dcb0c4e66c68a4c7d1,8.167165756,8.80134201,5,34.0,False,2024-05-18 08:32:39.100,2024-05-18 08:32:39.100,0
664867dbea473cd0faa1c51d,66485c5b9da912f2c0316c5c,6.446074486,8.774105072,4,33.6875,False,2024-05-18 08:33:31.063,2024-05-18 08:33:31.063,0
664867deea473cd0faa1c521,663992dcb0c4e66c68a4c7d1,8.862469673,8.8058815,6,34.25,False,2024-05-18 08:33:34.420,2024-05-18 08:33:34.420,0
66486815ea473cd0faa1c545,663992dcb0c4e66c68a4c7d1,8.52340126,8.80134201,5,33.625,False,2024-05-18 08:34:29.787,2024-05-18 08:34:29.787,0
66486817ea473cd0faa1c549,66485c5b9da912f2c0316c5c,6.437489986,8.778644562,6,33.6875,False,2024-05-18 08:34:31.117,2024-05-18 08:34:31.117,0
6648684dea473cd0faa1c54d,663992dcb0c4e66c68a4c7d1,8.373181343,8.8058815,7,34.125,False,2024-05-18 08:35:25.657,2024-05-18 08:35:25.658,0
66486889ea473cd0faa1c551,663992dcb0c4e66c68a4c7d1,8.441854477,8.796802521,5,34.125,False,2024-05-18 08:36:25.531,2024-05-18 08:36:25.531,0
664868c9ea473cd0faa1c555,663992dcb0c4e66c68a4c7d1,8.276611328,8.783184052,7,25.25,False,2024-05-18 08:37:29.228,2024-05-18 08:37:29.228,0
664868e5ea473cd0faa1c559,66485c5b9da912f2c0316c5c,6.549080849,8.778644562,4,33.6875,False,2024-05-18 08:37:57.310,2024-05-18 08:37:57.310,0
66486901ea473cd0faa1c55d,663992dcb0c4e66c68a4c7d1,9.69297123,2.306727409,5,34.125,False,2024-05-18 08:38:25.557,2024-05-18 08:38:25.557,0
66486920ea473cd0faa1c561,66485c5b9da912f2c0316c5c,6.330190182,8.774105072,7,33.6875,False,2024-05-18 08:38:56.934,2024-05-18 08:38:56.934,0
6648693dea473cd0faa1c565,663992dcb0c4e66c68a4c7d1,8.10278511,8.769565582,7,34.125,False,2024-05-18 08:39:25.740,2024-05-18 08:39:25.740,0
6648695cea473cd0faa1c569,66485c5b9da912f2c0316c5c,6.267955303,8.774105072,5,33.6875,False,2024-05-18 08:39:56.907,2024-05-18 08:39:56.907,0
66486979ea473cd0faa1c56d,663992dcb0c4e66c68a4c7d1,8.083471298,8.774105072,7,25.25,False,2024-05-18 08:40:25.586,2024-05-18 08:40:25.586,0
6648699dea473cd0faa1c571,66485c5b9da912f2c0316c5c,6.28083086,8.774105072,6,33.6875,False,2024-05-18 08:41:01.987,2024-05-18 08:41:01.987,0
664869b8ea473cd0faa1c575,663992dcb0c4e66c68a4c7d1,9.909719467,2.29310894,5,34.125,False,2024-05-18 08:41:28.850,2024-05-18 08:41:28.850,0
664869d5ea473cd0faa1c579,66485c5b9da912f2c0316c5c,6.291561127,8.769565582,4,33.625,False,2024-05-18 08:41:57.302,2024-05-18 08:41:57.302,0
664869f1ea473cd0faa1c57d,663992dcb0c4e66c68a4c7d1,7.995485306,8.751407623,4,25.25,False,2024-05-18 08:42:25.615,2024-05-18 08:42:25.615,0
66486a13ea473cd0faa1c581,66485c5b9da912f2c0316c5c,6.377400875,8.769565582,4,33.625,False,2024-05-18 08:42:59.598,2024-05-18 08:42:59.598,0
66615daa7091fe7f7250d893,66615cdf7091fe7f7250d829,44.34658051,7.811738968,5,34.63,False,2024-06-06 06:56:42.043,2024-06-06 06:56:42.043,0
66615de67091fe7f7250d8b6,66615cdf7091fe7f7250d829,43.05683517,7.675554752,7,34.63,False,2024-06-06 06:57:42.457,2024-06-06 06:57:42.457,0
66615e227091fe7f7250d8ba,66615cdf7091fe7f7250d829,42.02460861,7.689173222,6,34.63,False,2024-06-06 06:58:42.568,2024-06-06 06:58:42.568,0
66615e5d7091fe7f7250d8be,66615cdf7091fe7f7250d829,43.32722855,4.697666168,5,34.63,False,2024-06-06 06:59:41.766,2024-06-06 06:59:41.766,0
66615e997091fe7f7250d8c2,66615cdf7091fe7f7250d829,43.76072311,4.629574299,4,34.63,False,2024-06-06 07:00:41.852,2024-06-06 07:00:41.852,0
66615ed67091fe7f7250d8c6,66615cdf7091fe7f7250d829,43.28645706,4.61595583,4,34.63,False,2024-06-06 07:01:42.200,2024-06-06 07:01:42.200,0
66615f127091fe7f7250d8ca,66615cdf7091fe7f7250d829,42.79502106,4.60233736,4,34.63,False,2024-06-06 07:02:42.105,2024-06-06 07:02:42.105,0
66615fa57091fe7f7250d8cf,66615cdf7091fe7f7250d829,42.58471298,4.620495319,5,34.63,False,2024-06-06 07:05:09.292,2024-06-06 07:05:09.292,0
66615fe37091fe7f7250d8d3,66615cdf7091fe7f7250d829,42.50101852,4.60687685,7,34.63,False,2024-06-06 07:06:11.952,2024-06-06 07:06:11.952,0
6661601d7091fe7f7250d8d7,66615cdf7091fe7f7250d829,43.41521454,7.630160332,6,34.63,False,2024-06-06 07:07:09.438,2024-06-06 07:07:09.438,0
666160597091fe7f7250d8db,66615cdf7091fe7f7250d829,41.88082504,7.675554752,5,34.63,False,2024-06-06 07:08:09.416,2024-06-06 07:08:09.416,0
666160eb7091fe7f7250d8df,66615cdf7091fe7f7250d829,43.04824829,7.689173222,5,34.63,False,2024-06-06 07:10:35.582,2024-06-06 07:10:35.582,0
6661612a7091fe7f7250d8e3,66615cdf7091fe7f7250d829,43.14696503,7.689173222,7,34.63,False,2024-06-06 07:11:38.645,2024-06-06 07:11:38.645,0
666161967091fe7f7250d8e7,66615cdf7091fe7f7250d829,43.12335968,7.102791786,5,34.63,False,2024-06-06 07:13:26.751,2024-06-06 07:13:26.751,0
666161dd89ce706ae9597ed6,66615cdf7091fe7f7250d829,42.58471298,7.102791786,7,34.63,False,2024-06-06 07:14:37.145,2024-06-06 07:14:37.145,0
6661620e89ce706ae9597eda,66615cdf7091fe7f7250d829,43.50749588,4.138521671,6,34.63,False,2024-06-06 07:15:26.507,2024-06-06 07:15:26.507,0
6661624a89ce706ae9597ede,66615cdf7091fe7f7250d829,41.86795044,4.025034904,5,34.63,False,2024-06-06 07:16:26.555,2024-06-06 07:16:26.555,0
6661628689ce706ae9597ee2,66615cdf7091fe7f7250d829,43.37229538,4.020495415,4,34.63,False,2024-06-06 07:17:26.887,2024-06-06 07:17:26.887,0
666162c289ce706ae9597ee6,66615cdf7091fe7f7250d829,42.7928772,4.011416435,4,34.63,False,2024-06-06 07:18:26.532,2024-06-06 07:18:26.532,0
666162fe89ce706ae9597eea,66615cdf7091fe7f7250d829,37.25405121,4.025034904,4,34.63,False,2024-06-06 07:19:26.782,2024-06-06 07:19:26.782,0
6661633a89ce706ae9597eee,66615cdf7091fe7f7250d829,35.94284439,4.015955925,4,34.63,False,2024-06-06 07:20:26.520,2024-06-06 07:20:26.520,0
6661637689ce706ae9597ef2,66615cdf7091fe7f7250d829,44.15129471,1.408704162,4,34.63,False,2024-06-06 07:21:26.651,2024-06-06 07:21:26.651,0
666163b289ce706ae9597ef6,66615cdf7091fe7f7250d829,43.29504013,0.782258034,7,34.63,False,2024-06-06 07:22:26.562,2024-06-06 07:22:26.562,0
6661702109473546e2fe4f3d,66615cdf7091fe7f7250d829,44.15558624,7.484106541,5,34.63,False,2024-06-06 08:15:29.622,2024-06-06 08:15:29.622,0
6661705d09473546e2fe4f42,66615cdf7091fe7f7250d829,43.96030045,7.49318552,7,34.63,False,2024-06-06 08:16:29.471,2024-06-06 08:16:29.471,0
6661709309473546e2fe4f46,66615cdf7091fe7f7250d829,44.34658051,4.438126087,6,34.63,False,2024-06-06 08:17:23.611,2024-06-06 08:17:23.611,0
666170d209473546e2fe4f4a,66615cdf7091fe7f7250d829,43.98390579,4.33825779,5,34.63,False,2024-06-06 08:18:26.240,2024-06-06 08:18:26.240,0
6661712f09473546e2fe4f4e,66615cdf7091fe7f7250d829,43.68132019,3.929178715,5,34.63,False,2024-06-06 08:19:59.613,2024-06-06 08:19:59.613,0
6661716e09473546e2fe4f52,66615cdf7091fe7f7250d829,44.34658051,3.933718204,7,34.63,False,2024-06-06 08:21:02.793,2024-06-06 08:21:02.793,0
666171a809473546e2fe4f56,66615cdf7091fe7f7250d829,41.82503128,3.938257694,6,34.63,False,2024-06-06 08:22:00.267,2024-06-06 08:22:00.267,0
666171e409473546e2fe4f5a,66615cdf7091fe7f7250d829,32.56289291,3.929178715,5,34.63,False,2024-06-06 08:23:00.112,2024-06-06 08:23:00.112,0
6661721f09473546e2fe4f5e,66615cdf7091fe7f7250d829,43.87016678,8.85449791,4,34.63,False,2024-06-06 08:23:59.533,2024-06-06 08:23:59.533,0
6661725b09473546e2fe4f62,66615cdf7091fe7f7250d829,38.78629303,7.124961853,4,34.63,False,2024-06-06 08:24:59.535,2024-06-06 08:24:59.535,0
6661729a09473546e2fe4f66,66615cdf7091fe7f7250d829,42.87871552,7.093185425,4,34.63,False,2024-06-06 08:26:02.567,2024-06-06 08:26:02.567,0
666172d309473546e2fe4f6a,66615cdf7091fe7f7250d829,36.42998505,7.047790527,4,34.63,False,2024-06-06 08:26:59.555,2024-06-06 08:26:59.555,0
6661730f09473546e2fe4f6e,66615cdf7091fe7f7250d829,44.34658051,7.129501343,4,34.63,False,2024-06-06 08:27:59.635,2024-06-06 08:27:59.635,0
66617b1a09473546e2fe4fdf,66615cdf7091fe7f7250d829,40.38721085,7.230687141,5,25.25,False,2024-06-06 09:02:18.209,2024-06-06 09:02:18.209,0
66617b5709473546e2fe4fe3,66615cdf7091fe7f7250d829,41.5138588,9.032855034,7,25.25,False,2024-06-06 09:03:19.009,2024-06-06 09:03:19.009,0
66617b9209473546e2fe4fe7,66615cdf7091fe7f7250d829,39.59748077,9.550354004,6,25.25,False,2024-06-06 09:04:18.753,2024-06-06 09:04:18.753,0
66617ca909473546e2fe4feb,66615cdf7091fe7f7250d829,27.53696251,10.58535194,5,25.25,False,2024-06-06 09:08:57.053,2024-06-06 09:08:57.053,0
66617ce309473546e2fe4fef,66615cdf7091fe7f7250d829,28.89752579,10.26304913,7,25.25,False,2024-06-06 09:09:55.881,2024-06-06 09:09:55.881,0
66617d2709473546e2fe4ff3,66615cdf7091fe7f7250d829,29.19152832,8.796802521,6,25.25,False,2024-06-06 09:11:03.494,2024-06-06 09:11:03.494,0
66617d5a09473546e2fe4ff7,66615cdf7091fe7f7250d829,31.47701836,9.477722168,5,25.25,False,2024-06-06 09:11:54.732,2024-06-06 09:11:54.732,0
66617d9609473546e2fe4ffb,66615cdf7091fe7f7250d829,31.42551422,9.123643875,4,25.25,False,2024-06-06 09:12:54.995,2024-06-06 09:12:54.995,0
6661acc2bc98130f45b756e7,66615cdf7091fe7f7250d829,29.28809738,7.648318291,5,25.25,False,2024-06-06 12:34:10.190,2024-06-06 12:34:10.191,0
6661acf5bc98130f45b756eb,66615cdf7091fe7f7250d829,37.04374313,10.00430012,7,25.25,False,2024-06-06 12:35:01.594,2024-06-06 12:35:01.594,0
6661ad32bc98130f45b756ef,66615cdf7091fe7f7250d829,34.03934097,10.61712742,6,25.25,False,2024-06-06 12:36:02.445,2024-06-06 12:36:02.445,0
6661ad6cbc98130f45b756f3,66615cdf7091fe7f7250d829,36.29693222,10.23581314,5,25.25,False,2024-06-06 12:37:00.552,2024-06-06 12:37:00.552,0
6661adaabc98130f45b756f7,66615cdf7091fe7f7250d829,31.72166252,10.31298351,4,25.25,False,2024-06-06 12:38:02.863,2024-06-06 12:38:02.863,0
6661ade9bc98130f45b756fb,66615cdf7091fe7f7250d829,43.31435394,6.667793751,4,25.25,False,2024-06-06 12:39:05.114,2024-06-06 12:39:05.114,0
6661ae21bc98130f45b756ff,66615cdf7091fe7f7250d829,40.13398361,4.447995663,4,25.25,False,2024-06-06 12:40:01.223,2024-06-06 12:40:01.223,0
6661ae5ebc98130f45b75703,66615cdf7091fe7f7250d829,36.34199905,4.366285324,4,25.25,False,2024-06-06 12:41:02.075,2024-06-06 12:41:02.075,0
6661ae98bc98130f45b75707,66615cdf7091fe7f7250d829,38.48156357,4.357206345,4,25.25,False,2024-06-06 12:42:00.637,2024-06-06 12:42:00.637,0
6661aee4bc98130f45b7570b,66615cdf7091fe7f7250d829,36.33556366,7.239766121,7,25.25,False,2024-06-06 12:43:16.121,2024-06-06 12:43:16.121,0
6661af12bc98130f45b7570f,66615cdf7091fe7f7250d829,36.51797104,7.484897137,7,25.25,False,2024-06-06 12:44:02.142,2024-06-06 12:44:02.142,0
6661af4dbc98130f45b75713,66615cdf7091fe7f7250d829,35.82910538,7.503055096,7,25.25,False,2024-06-06 12:45:01.734,2024-06-06 12:45:01.734,0
6661af88bc98130f45b75717,66615cdf7091fe7f7250d829,37.0115509,7.357792377,7,25.25,False,2024-06-06 12:46:00.667,2024-06-06 12:46:00.667,0
6661afc4bc98130f45b7571b,66615cdf7091fe7f7250d829,43.25426483,6.409044266,5,25.25,False,2024-06-06 12:47:00.662,2024-06-06 12:47:00.662,0
66640762583b4a188d9038d1,663992dcb0c4e66c68a4c7d1,0.0,6.203977585,7,32.375,False,2024-06-08 07:25:22.186,2024-06-08 07:25:22.186,0
6664079f583b4a188d9038db,663992dcb0c4e66c68a4c7d1,0.0,6.362859249,6,32.375,False,2024-06-08 07:26:23.156,2024-06-08 07:26:23.156,0
666407d9583b4a188d9038e5,663992dcb0c4e66c68a4c7d1,0.0,6.417332649,5,32.3125,False,2024-06-08 07:27:21.650,2024-06-08 07:27:21.650,0
66640817583b4a188d9038ef,663992dcb0c4e66c68a4c7d1,0.0,6.499042988,4,32.3125,False,2024-06-08 07:28:23.355,2024-06-08 07:28:23.355,0
66640854583b4a188d9038f3,663992dcb0c4e66c68a4c7d1,0.0,6.553516388,4,32.25,False,2024-06-08 07:29:24.037,2024-06-08 07:29:24.037,0
6664088e583b4a188d9038f7,663992dcb0c4e66c68a4c7d1,0.0,6.603450775,4,32.25,False,2024-06-08 07:30:22.856,2024-06-08 07:30:22.856,0
666408ca583b4a188d9038fe,663992dcb0c4e66c68a4c7d1,0.0,6.648845196,4,32.1875,False,2024-06-08 07:31:22.150,2024-06-08 07:31:22.150,0
66640906583b4a188d903902,663992dcb0c4e66c68a4c7d1,0.0,6.667003155,4,32.1875,False,2024-06-08 07:32:22.642,2024-06-08 07:32:22.642,0
66640942583b4a188d903906,663992dcb0c4e66c68a4c7d1,0.0,6.698779583,7,32.1875,False,2024-06-08 07:33:22.248,2024-06-08 07:33:22.248,0
6664097d583b4a188d90390a,663992dcb0c4e66c68a4c7d1,0.0,6.726016045,7,32.125,False,2024-06-08 07:34:21.913,2024-06-08 07:34:21.913,0
666409ba583b4a188d90390e,663992dcb0c4e66c68a4c7d1,0.0,6.753252983,7,32.125,False,2024-06-08 07:35:22.128,2024-06-08 07:35:22.128,0
666409f6583b4a188d903912,663992dcb0c4e66c68a4c7d1,0.0,6.775950432,7,32.125,False,2024-06-08 07:36:22.300,2024-06-08 07:36:22.300,0
66640a31583b4a188d903916,663992dcb0c4e66c68a4c7d1,0.0,6.789568901,5,32.0625,False,2024-06-08 07:37:21.753,2024-06-08 07:37:21.753,0
66640a78b0286afb99e8d06f,663992dcb0c4e66c68a4c7d1,0.0,6.798647404,4,32.0625,False,2024-06-08 07:38:32.145,2024-06-08 07:38:32.145,0
66640aa9b0286afb99e8d077,663992dcb0c4e66c68a4c7d1,0.0,6.812265873,5,32.0625,False,2024-06-08 07:39:21.986,2024-06-08 07:39:21.986,0
66640ae6b0286afb99e8d07b,663992dcb0c4e66c68a4c7d1,0.0,6.839502811,6,32.0625,False,2024-06-08 07:40:22.723,2024-06-08 07:40:22.723,0
66640b22b0286afb99e8d07f,663992dcb0c4e66c68a4c7d1,0.0,6.853121281,6,31.1875,False,2024-06-08 07:41:22.237,2024-06-08 07:41:22.237,0
66640b5db0286afb99e8d083,663992dcb0c4e66c68a4c7d1,0.0,6.86673975,5,31.125,False,2024-06-08 07:42:21.956,2024-06-08 07:42:21.956,0
66640b9ab0286afb99e8d08a,663992dcb0c4e66c68a4c7d1,0.0,6.889436722,4,31.125,False,2024-06-08 07:43:22.179,2024-06-08 07:43:22.179,0
66640bd6b0286afb99e8d08e,663992dcb0c4e66c68a4c7d1,0.0,6.889436722,5,31.0,False,2024-06-08 07:44:22.972,2024-06-08 07:44:22.972,0
66640c13b0286afb99e8d092,663992dcb0c4e66c68a4c7d1,0.0,6.893976212,7,30.9375,False,2024-06-08 07:45:23.359,2024-06-08 07:45:23.359,0
66640c4db0286afb99e8d096,663992dcb0c4e66c68a4c7d1,0.0,6.912134171,4,31.0,False,2024-06-08 07:46:21.870,2024-06-08 07:46:21.870,0
66640c8bb0286afb99e8d09a,663992dcb0c4e66c68a4c7d1,0.0,6.92575264,4,30.9375,False,2024-06-08 07:47:23.956,2024-06-08 07:47:23.956,0
66640cc6b0286afb99e8d09e,663992dcb0c4e66c68a4c7d1,0.0,6.934831619,4,30.9375,False,2024-06-08 07:48:22.153,2024-06-08 07:48:22.153,0
66640d01b0286afb99e8d0a2,663992dcb0c4e66c68a4c7d1,0.0,6.934831619,7,30.875,False,2024-06-08 07:49:21.876,2024-06-08 07:49:21.876,0
66640d3db0286afb99e8d0a6,663992dcb0c4e66c68a4c7d1,0.0,6.939371109,5,30.9375,False,2024-06-08 07:50:21.479,2024-06-08 07:50:21.479,0
66640d7ab0286afb99e8d0aa,663992dcb0c4e66c68a4c7d1,0.0,6.943910599,4,30.875,False,2024-06-08 07:51:22.313,2024-06-08 07:51:22.313,0
66640db5b0286afb99e8d0ae,663992dcb0c4e66c68a4c7d1,0.0,6.957529068,4,30.875,False,2024-06-08 07:52:21.785,2024-06-08 07:52:21.785,0
66640df2b0286afb99e8d0b2,663992dcb0c4e66c68a4c7d1,0.0,6.952989578,5,30.875,False,2024-06-08 07:53:22.202,2024-06-08 07:53:22.203,0
66640e2db0286afb99e8d0b6,663992dcb0c4e66c68a4c7d1,0.0,6.966607571,7,30.875,False,2024-06-08 07:54:21.817,2024-06-08 07:54:21.817,0
66640e6bb0286afb99e8d0ba,663992dcb0c4e66c68a4c7d1,0.0,6.97114706,7,30.875,False,2024-06-08 07:55:23.422,2024-06-08 07:55:23.422,0
66640ea6b0286afb99e8d0be,663992dcb0c4e66c68a4c7d1,0.0,6.98022604,6,30.875,False,2024-06-08 07:56:22.183,2024-06-08 07:56:22.183,0
66640ee2b0286afb99e8d0c2,663992dcb0c4e66c68a4c7d1,0.0,6.93029213,4,30.875,False,2024-06-08 07:57:22.340,2024-06-08 07:57:22.340,0
66640f1db0286afb99e8d0c6,663992dcb0c4e66c68a4c7d1,0.0,6.98476553,7,30.875,False,2024-06-08 07:58:21.375,2024-06-08 07:58:21.375,0
66640f59b0286afb99e8d0ca,663992dcb0c4e66c68a4c7d1,0.0,6.98022604,4,30.9375,False,2024-06-08 07:59:21.572,2024-06-08 07:59:21.572,0
66640f95b0286afb99e8d0ce,663992dcb0c4e66c68a4c7d1,0.0,6.98476553,4,30.9375,False,2024-06-08 08:00:21.551,2024-06-08 08:00:21.551,0
66640fd3b0286afb99e8d0d2,663992dcb0c4e66c68a4c7d1,0.0,6.98476553,6,30.875,False,2024-06-08 08:01:23.091,2024-06-08 08:01:23.091,0
6664100fb0286afb99e8d0d6,663992dcb0c4e66c68a4c7d1,0.0,6.989305019,6,30.875,False,2024-06-08 08:02:23.290,2024-06-08 08:02:23.290,0
6664104bb0286afb99e8d0da,663992dcb0c4e66c68a4c7d1,0.0,6.989305019,4,30.9375,False,2024-06-08 08:03:23.010,2024-06-08 08:03:23.010,0
66641087b0286afb99e8d0de,663992dcb0c4e66c68a4c7d1,0.0,6.998383999,7,30.9375,False,2024-06-08 08:04:23.240,2024-06-08 08:04:23.240,0
666410c3b0286afb99e8d0f7,663992dcb0c4e66c68a4c7d1,0.0,6.998383999,5,30.9375,False,2024-06-08 08:05:23.513,2024-06-08 08:05:23.513,0
666410ffb0286afb99e8d101,663992dcb0c4e66c68a4c7d1,0.0,7.012002468,6,30.9375,False,2024-06-08 08:06:23.130,2024-06-08 08:06:23.130,0
6664113ab0286afb99e8d105,663992dcb0c4e66c68a4c7d1,0.0,7.016541958,4,30.875,False,2024-06-08 08:07:22.845,2024-06-08 08:07:22.845,0
66641176b0286afb99e8d109,663992dcb0c4e66c68a4c7d1,0.0,7.007462978,4,30.9375,False,2024-06-08 08:08:22.650,2024-06-08 08:08:22.650,0
666411b2b0286afb99e8d119,663992dcb0c4e66c68a4c7d1,0.0,7.007462978,7,30.9375,False,2024-06-08 08:09:22.903,2024-06-08 08:09:22.903,0
666411efb0286afb99e8d11d,663992dcb0c4e66c68a4c7d1,0.0,7.007462978,5,30.9375,False,2024-06-08 08:10:23.007,2024-06-08 08:10:23.007,0
6664122bb0286afb99e8d121,663992dcb0c4e66c68a4c7d1,0.0,7.021081448,5,30.9375,False,2024-06-08 08:11:23.057,2024-06-08 08:11:23.057,0
66641289b0286afb99e8d125,663992dcb0c4e66c68a4c7d1,0.0,7.025620937,7,30.9375,False,2024-06-08 08:12:57.441,2024-06-08 08:12:57.441,0
666412a8b0286afb99e8d129,663992dcb0c4e66c68a4c7d1,0.0,7.034699917,7,30.9375,False,2024-06-08 08:13:28.954,2024-06-08 08:13:28.954,0
666412e1b0286afb99e8d12d,663992dcb0c4e66c68a4c7d1,0.0,7.048318386,6,30.9375,False,2024-06-08 08:14:25.837,2024-06-08 08:14:25.837,0
6664131eb0286afb99e8d131,663992dcb0c4e66c68a4c7d1,0.0,7.052857399,4,30.9375,False,2024-06-08 08:15:26.198,2024-06-08 08:15:26.198,0
6664139ab0286afb99e8d135,663992dcb0c4e66c68a4c7d1,0.0,7.071015358,5,30.9375,False,2024-06-08 08:17:30.917,2024-06-08 08:17:30.917,0
666413d4b0286afb99e8d139,663992dcb0c4e66c68a4c7d1,0.0,7.061936378,5,30.9375,False,2024-06-08 08:18:28.410,2024-06-08 08:18:28.410,0
6664140eb0286afb99e8d143,663992dcb0c4e66c68a4c7d1,0.0,7.057396889,6,30.9375,False,2024-06-08 08:19:26.716,2024-06-08 08:19:26.716,0
66641449b0286afb99e8d147,663992dcb0c4e66c68a4c7d1,0.0,7.048318386,7,30.9375,False,2024-06-08 08:20:25.989,2024-06-08 08:20:25.989,0
66641485b0286afb99e8d14b,663992dcb0c4e66c68a4c7d1,0.0,7.066475868,6,30.9375,False,2024-06-08 08:21:25.950,2024-06-08 08:21:25.950,0
666414c2b0286afb99e8d14f,663992dcb0c4e66c68a4c7d1,0.0,7.066475868,7,30.9375,False,2024-06-08 08:22:26.037,2024-06-08 08:22:26.037,0
666414fdb0286afb99e8d153,663992dcb0c4e66c68a4c7d1,0.0,7.071015358,6,30.9375,False,2024-06-08 08:23:25.742,2024-06-08 08:23:25.742,0
6664153ab0286afb99e8d157,663992dcb0c4e66c68a4c7d1,0.0,7.084633827,4,30.9375,False,2024-06-08 08:24:26.012,2024-06-08 08:24:26.012,0
66641576b0286afb99e8d15b,663992dcb0c4e66c68a4c7d1,0.0,7.071015358,4,30.9375,False,2024-06-08 08:25:26.071,2024-06-08 08:25:26.071,0
666415b1b0286afb99e8d15f,663992dcb0c4e66c68a4c7d1,0.0,7.071015358,5,30.9375,False,2024-06-08 08:26:25.682,2024-06-08 08:26:25.682,0
666415f0b0286afb99e8d163,663992dcb0c4e66c68a4c7d1,0.0,7.066475868,4,30.9375,False,2024-06-08 08:27:28.060,2024-06-08 08:27:28.060,0
6664162ab0286afb99e8d167,663992dcb0c4e66c68a4c7d1,0.0,7.075554848,4,31.0,False,2024-06-08 08:28:26.628,2024-06-08 08:28:26.628,0
66641666b0286afb99e8d172,663992dcb0c4e66c68a4c7d1,0.0,7.084633827,4,30.9375,False,2024-06-08 08:29:26.930,2024-06-08 08:29:26.930,0
666416a2b0286afb99e8d176,663992dcb0c4e66c68a4c7d1,0.0,7.080094337,4,31.0,False,2024-06-08 08:30:26.354,2024-06-08 08:30:26.354,0
666416deb0286afb99e8d17a,663992dcb0c4e66c68a4c7d1,0.0,7.080094337,5,30.9375,False,2024-06-08 08:31:26.396,2024-06-08 08:31:26.396,0
6664171ab0286afb99e8d17e,663992dcb0c4e66c68a4c7d1,0.0,7.084633827,6,30.9375,False,2024-06-08 08:32:26.294,2024-06-08 08:32:26.294,0
66641755b0286afb99e8d182,663992dcb0c4e66c68a4c7d1,0.0,7.093712807,5,31.0,False,2024-06-08 08:33:25.941,2024-06-08 08:33:25.941,0
66641792b0286afb99e8d186,663992dcb0c4e66c68a4c7d1,0.0,7.084633827,7,30.9375,False,2024-06-08 08:34:26.465,2024-06-08 08:34:26.465,0
666417cdb0286afb99e8d18a,663992dcb0c4e66c68a4c7d1,0.0,7.084633827,5,31.0,False,2024-06-08 08:35:25.928,2024-06-08 08:35:25.928,0
6664180ab0286afb99e8d18e,663992dcb0c4e66c68a4c7d1,0.0,7.089173317,7,31.0,False,2024-06-08 08:36:26.024,2024-06-08 08:36:26.024,0
66641846b0286afb99e8d192,663992dcb0c4e66c68a4c7d1,0.0,7.093712807,5,30.9375,False,2024-06-08 08:37:26.495,2024-06-08 08:37:26.495,0
66641881b0286afb99e8d196,663992dcb0c4e66c68a4c7d1,0.0,7.098252296,7,30.9375,False,2024-06-08 08:38:25.985,2024-06-08 08:38:25.985,0
666418beb0286afb99e8d19a,663992dcb0c4e66c68a4c7d1,0.0,7.102791786,7,30.9375,False,2024-06-08 08:39:26.738,2024-06-08 08:39:26.738,0
666418f9b0286afb99e8d19e,663992dcb0c4e66c68a4c7d1,0.0,7.107331276,5,30.9375,False,2024-06-08 08:40:25.602,2024-06-08 08:40:25.602,0
66641936b0286afb99e8d1a2,663992dcb0c4e66c68a4c7d1,0.0,7.107331276,4,30.9375,False,2024-06-08 08:41:26.296,2024-06-08 08:41:26.296,0
66641972b0286afb99e8d1a6,663992dcb0c4e66c68a4c7d1,0.0,7.111870766,4,30.9375,False,2024-06-08 08:42:26.568,2024-06-08 08:42:26.568,0
666419aeb0286afb99e8d1aa,663992dcb0c4e66c68a4c7d1,0.0,7.111870766,5,30.875,False,2024-06-08 08:43:26.453,2024-06-08 08:43:26.453,0
666419e9b0286afb99e8d1ae,663992dcb0c4e66c68a4c7d1,0.0,7.120949745,4,30.875,False,2024-06-08 08:44:25.824,2024-06-08 08:44:25.824,0
66641a25b0286afb99e8d1b2,663992dcb0c4e66c68a4c7d1,0.0,6.998383999,4,30.875,False,2024-06-08 08:45:25.953,2024-06-08 08:45:25.953,0
